participant,composite score
P01,71.92084162
P02,113.0069067
P03,102.8010441
P04,96.29211072
P05,95.58940888
P07,74.09397517
P08,95.8425992
P09,104.6150657
P10,81.7371585
P11,95.48972072
P12,87.84776806
P13,94.96536994
P14,127.9448103
P15,119.2248415
P16,107.8741411
P17,113.401464
P18,99.12962896
P19,87.19402329
P20,88.18406567
P23,104.7567812
P24,122.4658548
P25,107.0097745
P26,112.4045749
P27,86.86480947
P28,110.4423287
P29,88.70752614
P30,85.62016362
